[
    {
        "id": 1,
        "periodo": "Semestre 3",
        "profesor": "Juanito Sanca",
        "asignatura": "POO",
        "detalleNota": [
            {
                "id": 1,
                "estudiante": {
                    "Id": 1,
                    "Nombre": "Karla Santillan",
                    "Active": true,
                    "Fecha_creacion": "2024-09-08"
                },
                "nota1": 100.0,
                "nota2": 100.0,
                "recuperacion": null,
                "observacion": ""
            }
        ],
        "fecha_creacion": "2024-09-08",
        "active": true
    },
    {
        "id": 2,
        "periodo": "Semestre 4",
        "profesor": "Juanito Sanca",
        "asignatura": "POO",
        "detalleNota": [
            {
                "id": 1,
                "estudiante": {
                    "Id": 1,
                    "Nombre": "Karla Santillan",
                    "Active": true,
                    "Fecha_creacion": "2024-09-08"
                },
                "nota1": 20.0,
                "nota2": 20.0,
                "recuperacion": null,
                "observacion": "Bueno"
            },
            {
                "id": 2,
                "estudiante": {
                    "Id": 1,
                    "Nombre": "Karla Santillan",
                    "Active": true,
                    "Fecha_creacion": "2024-09-08"
                },
                "nota1": 100.0,
                "nota2": 100.0,
                "recuperacion": 100.0,
                "observacion": "OK"
            }
        ],
        "fecha_creacion": "2024-09-08",
        "active": true
    },
    {
        "id": 3,
        "periodo": "Semestre 4",
        "profesor": "Juanito Sanca",
        "asignatura": "POO",
        "detalleNota": [
            {
                "id": 1,
                "estudiante": {
                    "Id": 2,
                    "Nombre": "Jordan Constante",
                    "Active": true,
                    "Fecha_creacion": "2024-09-08"
                },
                "nota1": 10.0,
                "nota2": 10.0,
                "recuperacion": null,
                "observacion": ""
            }
        ],
        "fecha_creacion": "2024-09-08",
        "active": true
    }
]